name,image,details_link
Switch Pro Controller Wireless Joystick for Nintendo Switch Console,https://down-sg.img.susercontent.com/file/aa13017c2c0812edbb251322530a011a_tn.webp,https://shopee.sg/Switch-Pro-Controller-Wireless-Joystick-for-Nintendo-Switch-Console-i.342027315.7066744647?extraParams=%7B%22display_model_id%22%3A80095135907%2C%22model_selection_logic%22%3A3%7D
5600mAh 5V USB Power Bank Case 18650 Battery Charger DIY Case For Cell Phone,https://down-sg.img.susercontent.com/file/37e1cc0963df200d082f95985faca83c_tn.webp,https://shopee.sg/5600mAh-5V-USB-Power-Bank-Case-18650-Battery-Charger-DIY-Case-For-Cell-Phone-i.9684704.95378425?extraParams=%7B%22display_model_id%22%3A75066151%2C%22model_selection_logic%22%3A3%7D
Nintendo Switch 2 Mario Kart Bundle | 1 Year Local Warranty **Free Tempered Glass** |,https://down-sg.img.susercontent.com/file/sg-11134207-824j7-me56xae1n9c4f1_tn.webp,https://shopee.sg/Nintendo-Switch-2-Mario-Kart-Bundle-1-Year-Local-Warranty-**Free-Tempered-Glass**--i.24889654.21414777339?extraParams=%7B%22display_model_id%22%3A129379409053%2C%22model_selection_logic%22%3A3%7D
Random Steam Key,https://down-sg.img.susercontent.com/file/sg-11134207-7rdyn-m15kk8ti0uqsda_tn.webp,https://shopee.sg/Random-Steam-Key-i.4839446.28660700691?extraParams=%7B%22display_model_id%22%3A148824646660%2C%22model_selection_logic%22%3A3%7D
[1+1] Nintendo Switch 2 / Switch OLED / Screen Protector Tempered Glass 9H for Nintendo Switch 2,https://down-sg.img.susercontent.com/file/sg-11134207-7rasx-maif9zokzz77f6_tn.webp,https://shopee.sg/-1-1-Nintendo-Switch-2-Switch-OLED-Screen-Protector-Tempered-Glass-9H-for-Nintendo-Switch-2-i.5526137.170402867?extraParams=%7B%22display_model_id%22%3A40577265105%2C%22model_selection_logic%22%3A3%7D
Mini Retro Game Console ‚Äì 500-in-1 FC Handheld Gameboy-Style Gaming Device Konsol Permainan Tangan,https://down-sg.img.susercontent.com/file/my-11134201-7rasi-mawixnhh6pbe1c_tn.webp,https://shopee.sg/Mini-Retro-Game-Console-%E2%80%93-500-in-1-FC-Handheld-Gameboy-Style-Gaming-Device-Konsol-Permainan-Tangan-i.1299445769.28655023817?extraParams=%7B%22display_model_id%22%3A197643781653%2C%22model_selection_logic%22%3A3%7D
[SG READY STOCK] Nintendo Switch 2 Oled Dust Cover Base Transparent Nintendo Switch Game Console Host Dock Acrylic Cover,https://down-sg.img.susercontent.com/file/sg-11134207-7rdys-md086djcnulz53_tn.webp,https://shopee.sg/-SG-READY-STOCK-Nintendo-Switch-2-Oled-Dust-Cover-Base-Transparent-Nintendo-Switch-Game-Console-Host-Dock-Acrylic-Cover-i.335098101.21768164311?extraParams=%7B%22display_model_id%22%3A221136649248%2C%22model_selection_logic%22%3A3%7D
(SG) LionShield Nintendo Switch 2 / Switch OLED / Nintendo Switch (Gen 2/1) Screen Protector Tempered Glass,https://down-sg.img.susercontent.com/file/sg-11134207-7rauq-mav1zqv7hdn408_tn.webp,https://shopee.sg/(SG)-LionShield-Nintendo-Switch-2-Switch-OLED-Nintendo-Switch-(Gen-2-1)-Screen-Protector-Tempered-Glass-i.75632239.1371453698?extraParams=%7B%22display_model_id%22%3A31134942774%2C%22model_selection_logic%22%3A3%7D
‚≠êSG Local Set‚≠ê Nintendo Switch 2 Console Standalone / Mario Kart World Bundle - Official Singapore SW2 NS2,https://down-sg.img.susercontent.com/file/sg-11134207-7raud-makwjz84ycuoe4_tn.webp,https://shopee.sg/%E2%AD%90SG-Local-Set%E2%AD%90-Nintendo-Switch-2-Console-Standalone-Mario-Kart-World-Bundle-Official-Singapore-SW2-NS2-i.769445.41853164853?extraParams=%7B%22display_model_id%22%3A234325115488%2C%22model_selection_logic%22%3A3%7D
[Nintendo Official Store] Nintendo Switch 2 + Mario Kart World Bundle,https://down-sg.img.susercontent.com/file/sg-11134207-7rasu-mawjjsx2a0y96d_tn.webp,https://shopee.sg/-Nintendo-Official-Store-Nintendo-Switch-2-Mario-Kart-World-Bundle-i.508676651.44250710263?extraParams=%7B%22display_model_id%22%3A129369020759%2C%22model_selection_logic%22%3A3%7D
(SG STOCK) PS4 DualShock 4 Controller Wireless Bluetooth Compatible For Playstation 4 Game Joystick Controller Gamepad,https://down-sg.img.susercontent.com/file/sg-11134207-7rd5x-m7vob5amxbxj9b_tn.webp,https://shopee.sg/(SG-STOCK)-PS4-DualShock-4-Controller-Wireless-Bluetooth-Compatible-For-Playstation-4-Game-Joystick-Controller-Gamepad-i.187633117.27129019556?extraParams=%7B%22display_model_id%22%3A223914325143%2C%22model_selection_logic%22%3A3%7D
Pokemon Mezastar 6 Star Disk Card Superstar Dynamax Tag SG,https://down-sg.img.susercontent.com/file/sg-11134207-82592-mgb113guu617b6_tn.webp,https://shopee.sg/Pokemon-Mezastar-6-Star-Disk-Card-Superstar-Dynamax-Tag-SG-i.423542422.18426720957?extraParams=%7B%22display_model_id%22%3A296006412881%2C%22model_selection_logic%22%3A3%7D
Flydigi Wasp Feelers 2 Finger Sleeve Sweat-Proof Finger Cover mobile phone Gaming tablet PUBG Game Thumb Gloves,https://down-sg.img.susercontent.com/file/aa93eb0c7d298dd47b9307b4510fe419_tn.webp,https://shopee.sg/Flydigi-Wasp-Feelers-2-Finger-Sleeve-Sweat-Proof-Finger-Cover-mobile-phone-Gaming-tablet-PUBG-Game-Thumb-Gloves-i.348277166.8181088963?extraParams=%7B%22display_model_id%22%3A46556215444%2C%22model_selection_logic%22%3A3%7D
[SG STOCK] 2 in 1 Portable Nintendo Switch 2 Dock Type C to HDMI Cable Adapter Switch TV Dock 4K PD Cable for Steam Deck,https://down-sg.img.susercontent.com/file/sg-11134207-824io-mdzz9yibqz9i5f_tn.webp,https://shopee.sg/-SG-STOCK-2-in-1-Portable-Nintendo-Switch-2-Dock-Type-C-to-HDMI-Cable-Adapter-Switch-TV-Dock-4K-PD-Cable-for-Steam-Deck-i.335098101.16182634560?extraParams=%7B%22display_model_id%22%3A158294921120%2C%22model_selection_logic%22%3A3%7D
Nintendo Switch Hard Shell Trave Storage Bag Glass Case Cover Protective Case for Nintendo Switch 2,https://down-sg.img.susercontent.com/file/sg-11134201-7rcfa-ltw59hxramon82_tn.webp,https://shopee.sg/Nintendo-Switch-Hard-Shell-Trave-Storage-Bag-Glass-Case-Cover-Protective-Case-for-Nintendo-Switch-2-i.1175477.2848918273?extraParams=%7B%22display_model_id%22%3A107144925887%2C%22model_selection_logic%22%3A3%7D
3.5/4.0 Inch R36 Ultra/R36S Max Retro Portable Handheld Video Game Console HD Screen Emulator Game Arcade Emulator Linux,https://down-sg.img.susercontent.com/file/sg-11134207-7rdvw-mbtfviev802e70_tn.webp,https://shopee.sg/3.5-4.0-Inch-R36-Ultra-R36S-Max-Retro-Portable-Handheld-Video-Game-Console-HD-Screen-Emulator-Game-Arcade-Emulator-Linux-i.1202397081.27159487694?extraParams=%7B%22display_model_id%22%3A260360777035%2C%22model_selection_logic%22%3A3%7D
"Steam Games CD-Keys Random STANDARD Keys GLOBAL (NO free games, NO DLC codes, NO demo codes)",https://down-sg.img.susercontent.com/file/sg-11134207-7rbk0-ll01drh4rmg73d_tn.webp,https://shopee.sg/Steam-Games-CD-Keys-Random-STANDARD-Keys-GLOBAL-(NO-free-games-NO-DLC-codes-NO-demo-codes)-i.52213857.21492429793?extraParams=%7B%22display_model_id%22%3A148342946946%2C%22model_selection_logic%22%3A3%7D
[1+2] PlayStation Portal Storage Bag Hard Casing Pouch for PS Portal,https://down-sg.img.susercontent.com/file/sg-11134201-7rbmw-lns9e53xvmw890_tn.webp,https://shopee.sg/-1-2-PlayStation-Portal-Storage-Bag-Hard-Casing-Pouch-for-PS-Portal-i.5526137.19995034854?extraParams=%7B%22display_model_id%22%3A232249483504%2C%22model_selection_logic%22%3A3%7D
Nintendo Switch / Switch 2 Pro Wireless Controller for Switch Console Bluetooth Joystick PC Computer Controller,https://down-sg.img.susercontent.com/file/sg-11134201-22110-8e4gn7ym4gjv72_tn.webp,https://shopee.sg/Nintendo-Switch-Switch-2-Pro-Wireless-Controller-for-Switch-Console-Bluetooth-Joystick-PC-Computer-Controller-i.533943.3440561266?extraParams=%7B%22display_model_id%22%3A21142896713%2C%22model_selection_logic%22%3A3%7D
"[Improved Version] Dockable Clear Case for Switch2/OLED,3 in 1 Protective Case Cover for Nintendo Switch and Joy-Con Controller with Clear Grip Cover Shock-Absorption",https://down-sg.img.susercontent.com/file/cn-11134207-7r98o-lkq5ew7x1sdtc7_tn.webp,https://shopee.sg/-Improved-Version-Dockable-Clear-Case-for-Switch2-OLED-3-in-1-Protective-Case-Cover-for-Nintendo-Switch-and-Joy-Con-Controller-with-Clear-Grip-Cover-Shock-Absorption-i.911539328.22777635894?extraParams=%7B%22display_model_id%22%3A186975532780%2C%22model_selection_logic%22%3A3%7D
"M500 Mini Retro Handheld Game Console | 500 in 1 Games| G5-2 Players| 3"" TFT Screen| 128Mb| 800mAh Rechargeable Battery",https://down-sg.img.susercontent.com/file/my-11134201-7ras9-mawihnia248m4c_tn.webp,https://shopee.sg/M500-Mini-Retro-Handheld-Game-Console-500-in-1-Games-G5-2-Players-3-TFT-Screen-128Mb-800mAh-Rechargeable-Battery-i.1299445769.26665764538?extraParams=%7B%22display_model_id%22%3A195504760451%2C%22model_selection_logic%22%3A3%7D
[SG] Nintendo Switch Game Super Mario Party Jambore,https://down-sg.img.susercontent.com/file/sg-11134207-7rdw3-ly0wbdr9eqmgc9_tn.webp,https://shopee.sg/-SG-Nintendo-Switch-Game-Super-Mario-Party-Jambore-i.168334632.27605940005?extraParams=%7B%22display_model_id%22%3A233023372080%2C%22model_selection_logic%22%3A3%7D
Lemorele Video Capture Card Nintendo Switch Dock Usb C Game Capture Card Video Capture ÈááÈõÜÂç°,https://down-sg.img.susercontent.com/file/cn-11134207-7ras8-md2o8wgs5tdsc0_tn.webp,https://shopee.sg/Lemorele-Video-Capture-Card-Nintendo-Switch-Dock-Usb-C-Game-Capture-Card-Video-Capture-%E9%87%87%E9%9B%86%E5%8D%A1-i.1058886763.22678119330?extraParams=%7B%22display_model_id%22%3A79799109857%2C%22model_selection_logic%22%3A3%7D
[SG Stock] 4K HD Video Game Console 64G Built-in 30000 +Games Retro handheld Game Stick Wireless Controller Supports MAME/FC/GB/MD/SFC/PS1 Game Kids Gift,https://down-sg.img.susercontent.com/file/sg-11134207-7qvez-lh8zyrkj9x8g14_tn.webp,https://shopee.sg/-SG-Stock-4K-HD-Video-Game-Console-64G-Built-in-30000-Games-Retro-handheld-Game-Stick-Wireless-Controller-Supports-MAME-FC-GB-MD-SFC-PS1-Game-Kids-Gift-i.975994016.21788557427?extraParams=%7B%22display_model_id%22%3A257804674918%2C%22model_selection_logic%22%3A3%7D
(SG) LionShield Nintendo Switch 2 (OLED/Gen 2/1) Travel Pouch/Case Casing Cover,https://down-sg.img.susercontent.com/file/sg-11134207-7rava-mawgwufut0qr9b_tn.webp,https://shopee.sg/(SG)-LionShield-Nintendo-Switch-2-(OLED-Gen-2-1)-Travel-Pouch-Case-Casing-Cover-i.75632239.1384167302?extraParams=%7B%22display_model_id%22%3A68293008920%2C%22model_selection_logic%22%3A3%7D
Switch Game Card Box Case 12 Slots for Nintendo Switch/ Lite/ OLED,https://down-sg.img.susercontent.com/file/cn-11134207-7r98o-loo7n4m8yy6p83_tn.webp,https://shopee.sg/Switch-Game-Card-Box-Case-12-Slots-for-Nintendo-Switch-Lite-OLED-i.125915778.3424014976?extraParams=%7B%22display_model_id%22%3A15557641144%2C%22model_selection_logic%22%3A3%7D
JSAUX Steam Deck OLED Tempered Glass 9H Screen Protector Guiding Frame (2 Packs),https://down-sg.img.susercontent.com/file/875c18745bd2920e5d52d94940481197_tn.webp,https://shopee.sg/JSAUX-Steam-Deck-OLED-Tempered-Glass-9H-Screen-Protector-Guiding-Frame-(2-Packs)-i.161541082.21847702085?extraParams=%7B%22display_model_id%22%3A213715551436%2C%22model_selection_logic%22%3A3%7D
[SG READY STOCK] 500-in-1 Classic Game Console Portable Game Box 3.5 inch Retro Video Game Console Handheld Gamepad,https://down-sg.img.susercontent.com/file/sg-11134207-7rd54-lwd0wqk6nl3zc5_tn.webp,https://shopee.sg/-SG-READY-STOCK-500-in-1-Classic-Game-Console-Portable-Game-Box-3.5-inch-Retro-Video-Game-Console-Handheld-Gamepad-i.335098101.14206958811?extraParams=%7B%22display_model_id%22%3A114130721008%2C%22model_selection_logic%22%3A3%7D
Switch Theme Carrying Case Compatible with Nintendo Switch and New Switch OLED Console -Protective Portable Carry Case,https://down-sg.img.susercontent.com/file/2a46597ce7d5fde397f10adf1c15883c_tn.webp,https://shopee.sg/Switch-Theme-Carrying-Case-Compatible-with-Nintendo-Switch-and-New-Switch-OLED-Console-Protective-Portable-Carry-Case-i.505117825.12551354291?extraParams=%7B%22display_model_id%22%3A207737451730%2C%22model_selection_logic%22%3A3%7D
Sony Playstation 5 PS5 Wireless Dualsense Controller | PS5 Death Stranding 2 Dualsense Controller,https://down-sg.img.susercontent.com/file/sg-11134201-7rd3m-m7w29zms9p5ub4_tn.webp,https://shopee.sg/Sony-Playstation-5-PS5-Wireless-Dualsense-Controller-PS5-Death-Stranding-2-Dualsense-Controller-i.24889654.18519339786?extraParams=%7B%22display_model_id%22%3A158868934609%2C%22model_selection_logic%22%3A3%7D
"Portable Stick V2 Pro M8 64GB, Connected HDMI TV Screen With More Than 20,000 Video Sharp Features",https://down-sg.img.susercontent.com/file/cn-11134207-7r98o-lu4b8j044msz76_tn.webp,https://shopee.sg/Portable-Stick-V2-Pro-M8-64GB-Connected-HDMI-TV-Screen-With-More-Than-20-000-Video-Sharp-Features-i.1195809185.28808852763?extraParams=%7B%22display_model_id%22%3A185334433561%2C%22model_selection_logic%22%3A3%7D
SG STOCK Portable Switch TV Dock for Nintendo Switch 2 Oled NS Docking Station USB C to 4K 60Hz HDMI,https://down-sg.img.susercontent.com/file/sg-11134207-7rdxk-mc33gitr8w5f9a_tn.webp,https://shopee.sg/SG-STOCK-Portable-Switch-TV-Dock-for-Nintendo-Switch-2-Oled-NS-Docking-Station-USB-C-to-4K-60Hz-HDMI-i.335098101.19424460905?extraParams=%7B%22display_model_id%22%3A145195128532%2C%22model_selection_logic%22%3A3%7D
Game Finger Sleeve Glass Silver Fiber Ice Wire Finger Cover Pubg Game Thumb Gloves Gaming Breathable Sweatproof Mobile Game Finger Cover 2pcs „Äêgoob„Äë,https://down-sg.img.susercontent.com/file/sg-11134201-22110-detvo4fenfjv19_tn.webp,https://shopee.sg/Game-Finger-Sleeve-Glass-Silver-Fiber-Ice-Wire-Finger-Cover-Pubg-Game-Thumb-Gloves-Gaming-Breathable-Sweatproof-Mobile-Game-Finger-Cover-2pcs-%E3%80%90goob%E3%80%91-i.233685166.15794605181?extraParams=%7B%22display_model_id%22%3A220181035396%2C%22model_selection_logic%22%3A3%7D
[SG] Dockable Nintendo Switch 2 / OLED / Gen 1 Crystal Case Clear Hard Casing & Joy-Con For Nintendo Switch 2 / OLED,https://down-sg.img.susercontent.com/file/sg-11134207-7rats-mawrk6hy1y8gcb_tn.webp,https://shopee.sg/-SG-Dockable-Nintendo-Switch-2-OLED-Gen-1-Crystal-Case-Clear-Hard-Casing-Joy-Con-For-Nintendo-Switch-2-OLED-i.5526137.10246654789?extraParams=%7B%22display_model_id%22%3A67567476556%2C%22model_selection_logic%22%3A3%7D
"Carrying Case for Switch 2/ OLED Console and Accessories, switch Theme Storage Bag",https://down-sg.img.susercontent.com/file/sg-11134207-7qveg-lj3pgkyydgr186_tn.webp,https://shopee.sg/Carrying-Case-for-Switch-2-OLED-Console-and-Accessories-switch-Theme-Storage-Bag-i.911539328.20369361742?extraParams=%7B%22display_model_id%22%3A118918071421%2C%22model_selection_logic%22%3A3%7D
üî•SGüî• For Nintendo Switch Game Card Case Magnetic Switch Cassette Storage Box Cartridge Organizer Accessories,https://down-sg.img.susercontent.com/file/sg-11134207-7rd5i-lwd0wqk6uly7b4_tn.webp,https://shopee.sg/%F0%9F%94%A5SG%F0%9F%94%A5-For-Nintendo-Switch-Game-Card-Case-Magnetic-Switch-Cassette-Storage-Box-Cartridge-Organizer-Accessories-i.335098101.22355201389?extraParams=%7B%22display_model_id%22%3A225646141360%2C%22model_selection_logic%22%3A3%7D
IINE Cute Silicone Grip Caps for Nintendo Switch Pro controller Size Random Pattern,https://down-sg.img.susercontent.com/file/cn-11134207-7r98o-lom2f7545rqa85_tn.webp,https://shopee.sg/IINE-Cute-Silicone-Grip-Caps-for-Nintendo-Switch-Pro-controller-Size-Random-Pattern-i.292369560.9324541407?extraParams=%7B%22display_model_id%22%3A74097109660%2C%22model_selection_logic%22%3A3%7D
üî•Buy 3 Free 1üî• Nintendo Switch Digital Games( ‚≠êÔ∏èRequest any game you want‚≠êÔ∏è )(Check description before ordering‚ùóÔ∏è‚ùóÔ∏è),https://down-sg.img.susercontent.com/file/sg-11134201-7rdys-lxyrj6ztbjpi4e_tn.webp,https://shopee.sg/%F0%9F%94%A5Buy-3-Free-1%F0%9F%94%A5-Nintendo-Switch-Digital-Games(-%E2%AD%90%EF%B8%8FRequest-any-game-you-want%E2%AD%90%EF%B8%8F-)(Check-description-before-ordering%E2%9D%97%EF%B8%8F%E2%9D%97%EF%B8%8F)-i.241211687.26305361941?extraParams=%7B%22display_model_id%22%3A226546879796%2C%22model_selection_logic%22%3A3%7D
„ÄêIN STOCK„ÄëLCD Game Classic Vintage Tetris Brick Handheld Arcade Pocket Toys,https://down-sg.img.susercontent.com/file/89d19a3b1b2b14cb3abbd868619fae8a_tn.webp,https://shopee.sg/%E3%80%90IN-STOCK%E3%80%91LCD-Game-Classic-Vintage-Tetris-Brick-Handheld-Arcade-Pocket-Toys-i.41293031.1068105438?extraParams=%7B%22display_model_id%22%3A999034468%2C%22model_selection_logic%22%3A3%7D
Nintendo eShop 45 50 100 usd code,https://down-sg.img.susercontent.com/file/021344d774b7fb0c613f6964d4c8153e_tn.webp,https://shopee.sg/Nintendo-eShop-45-50-100-usd-code-i.27842629.1754397689?extraParams=%7B%22display_model_id%22%3A221695615911%2C%22model_selection_logic%22%3A3%7D
‚≠êSG Local Set‚≠ê Nintendo Switch OLED Console - Official Singapore - Neon Red/Blue White,https://down-sg.img.susercontent.com/file/sg-11134207-7reoz-m8k72p6dw95lfe_tn.webp,https://shopee.sg/%E2%AD%90SG-Local-Set%E2%AD%90-Nintendo-Switch-OLED-Console-Official-Singapore-Neon-Red-Blue-White-i.769445.27551900572?extraParams=%7B%22display_model_id%22%3A241941507452%2C%22model_selection_logic%22%3A3%7D
"üî•„ÄêSG Ready Stock„Äëüî• Nintendo Switch OLED Model Carrying Case, 16 in 1 Accessories Kit for 2021 NS Switch OLED Model",https://down-sg.img.susercontent.com/file/sg-11134207-23020-6yreem9s1tnvf5_tn.webp,https://shopee.sg/%F0%9F%94%A5%E3%80%90SG-Ready-Stock%E3%80%91%F0%9F%94%A5-Nintendo-Switch-OLED-Model-Carrying-Case-16-in-1-Accessories-Kit-for-2021-NS-Switch-OLED-Model-i.257111585.23926359527?extraParams=%7B%22display_model_id%22%3A231030238927%2C%22model_selection_logic%22%3A3%7D
Ready Stock - Nintendo Switch 2 Console | Mario Kart Bundle | Nintendo Switch OLED Console | 1 Year Local Warranty,https://down-sg.img.susercontent.com/file/sg-11134207-7ra19-mbdhsz0mcnz772_tn.webp,https://shopee.sg/Ready-Stock-Nintendo-Switch-2-Console-Mario-Kart-Bundle-Nintendo-Switch-OLED-Console-1-Year-Local-Warranty-i.52377417.16355758557?extraParams=%7B%22display_model_id%22%3A285256288158%2C%22model_selection_logic%22%3A3%7D
[SG] Mezastar/Cards/Gaole Storage Box. 21 Designs. Free Gift,https://down-sg.img.susercontent.com/file/sg-11134207-8259q-mevmwvukzhmt40_tn.webp,https://shopee.sg/-SG-Mezastar-Cards-Gaole-Storage-Box.-21-Designs.-Free-Gift-i.416236772.17991537882?extraParams=%7B%22display_model_id%22%3A59223289061%2C%22model_selection_logic%22%3A3%7D
‚≠êSG Local Set‚≠ê Sony PlayStation 5 PS5 DualSense Wireless Controller - Original Official Warranty - Pearl Camo Teal,https://down-sg.img.susercontent.com/file/de37ffb6b8d171f96ee3ad50e3ad1b32_tn.webp,https://shopee.sg/%E2%AD%90SG-Local-Set%E2%AD%90-Sony-PlayStation-5-PS5-DualSense-Wireless-Controller-Original-Official-Warranty-Pearl-Camo-Teal-i.769445.5265857103?extraParams=%7B%22display_model_id%22%3A197810481263%2C%22model_selection_logic%22%3A3%7D
[SG Wholesaler] IPEGA Controller Charging Dock Station For Nintendo Switch Joy Con,https://down-sg.img.susercontent.com/file/sg-11134207-7qvfe-ljnybfzs8uae5d_tn.webp,https://shopee.sg/-SG-Wholesaler-IPEGA-Controller-Charging-Dock-Station-For-Nintendo-Switch-Joy-Con-i.168334632.2777575177?extraParams=%7B%22display_model_id%22%3A80190712407%2C%22model_selection_logic%22%3A3%7D
Aolion Charging Grip Bracket for Switch Joycon Handle Gaming Controller Grip Charging Station,https://down-sg.img.susercontent.com/file/sg-11134201-821dx-mgk8nvmnkq2x75_tn.webp,https://shopee.sg/Aolion-Charging-Grip-Bracket-for-Switch-Joycon-Handle-Gaming-Controller-Grip-Charging-Station-i.1006220784.29654474022?extraParams=%7B%22display_model_id%22%3A232965297001%2C%22model_selection_logic%22%3A3%7D
Sony PS5 DualSense Wireless Controller,https://down-sg.img.susercontent.com/file/sg-11134207-7qvdc-ljz1zsu07f7830_tn.webp,https://shopee.sg/Sony-PS5-DualSense-Wireless-Controller-i.94269792.4763587083?extraParams=%7B%22display_model_id%22%3A246144397343%2C%22model_selection_logic%22%3A3%7D
JSAUX Steam Deck OLED Protective Case with Kickstand Non-Slip TPU Cover Protector,https://down-sg.img.susercontent.com/file/sg-11134207-7rd3x-lupz1p0jh6z363_tn.webp,https://shopee.sg/JSAUX-Steam-Deck-OLED-Protective-Case-with-Kickstand-Non-Slip-TPU-Cover-Protector-i.161541082.19561044359?extraParams=%7B%22display_model_id%22%3A213119565449%2C%22model_selection_logic%22%3A3%7D
REQUEST FOR PC GAMES! (DIGITAL DELIVERY BEST PRICE GUARANTEED),https://down-sg.img.susercontent.com/file/sg-11134207-7rdwt-lyz60h2ctnj6c5_tn.webp,https://shopee.sg/REQUEST-FOR-PC-GAMES!-(DIGITAL-DELIVERY-BEST-PRICE-GUARANTEED)-i.241211687.28807993025?extraParams=%7B%22display_model_id%22%3A148747267764%2C%22model_selection_logic%22%3A3%7D
Razer Gold e-GiftCard,https://down-sg.img.susercontent.com/file/sg-11134207-7rfey-m38ta2hdskpx78_tn.webp,https://shopee.sg/Razer-Gold-e-GiftCard-i.16262627.29269353102?extraParams=%7B%22display_model_id%22%3A205636799361%2C%22model_selection_logic%22%3A3%7D
"Switch Original, OLED, Lite Tempered Glass 9H Screen Protector Anti Scratch Screen Guard [SG Seller]",https://down-sg.img.susercontent.com/file/sg-11134201-22110-y5dk7z2m1mjvac_tn.webp,https://shopee.sg/Switch-Original-OLED-Lite-Tempered-Glass-9H-Screen-Protector-Anti-Scratch-Screen-Guard-SG-Seller--i.533943.1012427706?extraParams=%7B%22display_model_id%22%3A888454370%2C%22model_selection_logic%22%3A3%7D
[SG] Nintendo Switch Game Overcooked All You Can Eat,https://down-sg.img.susercontent.com/file/sg-11134207-7rd4n-luu4y1lqvt8af8_tn.webp,https://shopee.sg/-SG-Nintendo-Switch-Game-Overcooked-All-You-Can-Eat-i.168334632.3612000185?extraParams=%7B%22display_model_id%22%3A80908248191%2C%22model_selection_logic%22%3A3%7D
[SG]game console game stick Portable Video Oame Stick M666Pro Game Oonsole 0.4K Retro Game Oonsole with Wireless Handle,https://down-sg.img.susercontent.com/file/sg-11134207-7rdwg-lz1dd44yc0xja5_tn.webp,https://shopee.sg/-SG-game-console-game-stick-Portable-Video-Oame-Stick-M666Pro-Game-Oonsole-0.4K-Retro-Game-Oonsole-with-Wireless-Handle-i.403411184.25180830017?extraParams=%7B%22display_model_id%22%3A246395043727%2C%22model_selection_logic%22%3A3%7D
[Nintendo Official Store] Nintendo Switch Sports with Leg Strap,https://down-sg.img.susercontent.com/file/sg-11134207-7rdym-lzq1ruvkxmqi40_tn.webp,https://shopee.sg/-Nintendo-Official-Store-Nintendo-Switch-Sports-with-Leg-Strap-i.508676651.10190507326?extraParams=%7B%22display_model_id%22%3A124817142520%2C%22model_selection_logic%22%3A3%7D
